path	origin	license	attribution	modification_notice_required	modification_notice_location	approval_ref	notes
LICENSE	upstream-bifrost	Apache-2.0	Bifrost AI Gateway / Maxim HQ contributors	no	none	none	Root Apache-2.0 license retained.
NOTICE	local-fork	Apache-2.0	Bifrost AI Gateway / Maxim HQ contributors; FrankenGate fork modifications	yes	NOTICE	none	Root attribution and non-affiliation notice.
README.md	local-fork	Apache-2.0	Bifrost AI Gateway / Maxim HQ contributors; FrankenGate fork modifications	yes	NOTICE	none	Public identity surface references fork origin and Apache attribution.
Makefile	upstream-bifrost	Apache-2.0	Bifrost AI Gateway / Maxim HQ contributors	no	none	none	Build and test command surface.
scripts/benchmark-gateway-overhead.sh	local-fork	Apache-2.0	FrankenGate contributors	no	none	none	Direct-versus-gateway latency regression gate.
scripts/benchmark-gateway-overhead-loop.sh	local-fork	Apache-2.0	FrankenGate contributors	no	none	none	Periodic direct-versus-gateway latency measurement loop.
scripts/publish-beta-local.sh	local-fork	Apache-2.0	FrankenGate contributors	no	none	none	Exact-SHA local beta publication lane.
scripts/verify-beta-local.sh	local-fork	Apache-2.0	FrankenGate contributors	no	none	none	Local beta archive verification helper.
scripts/validate-migration-manifest.sh	local-fork	Apache-2.0	FrankenGate contributors	no	none	none	Dependency-free migration compatibility manifest validator.
.github/workflows/frankengate-beta.yml	local-fork	Apache-2.0	FrankenGate contributors	no	none	none	Fast local-tested beta publication workflow.
.github/workflows/frankengate-image-release-native.yml	local-fork	Apache-2.0	FrankenGate contributors	no	none	none	Native image release workflow.
helm-charts/bifrost/Chart.yaml	upstream-bifrost	Apache-2.0	Bifrost AI Gateway / Maxim HQ contributors	no	none	none	Helm chart metadata.
helm-charts/bifrost/README.md	upstream-bifrost	Apache-2.0	Bifrost AI Gateway / Maxim HQ contributors	no	none	none	Helm chart documentation.
helm-charts/bifrost/templates/configmap.yaml	upstream-bifrost	Apache-2.0	Bifrost AI Gateway / Maxim HQ contributors	no	none	none	Helm template.
helm-charts/bifrost/templates/deployment.yaml	upstream-bifrost	Apache-2.0	Bifrost AI Gateway / Maxim HQ contributors	no	none	none	Helm template.
helm-charts/bifrost/templates/hpa.yaml	upstream-bifrost	Apache-2.0	Bifrost AI Gateway / Maxim HQ contributors	no	none	none	Helm template.
helm-charts/bifrost/templates/ingress.yaml	upstream-bifrost	Apache-2.0	Bifrost AI Gateway / Maxim HQ contributors	no	none	none	Helm template.
helm-charts/bifrost/templates/postgresql-deployment.yaml	upstream-bifrost	Apache-2.0	Bifrost AI Gateway / Maxim HQ contributors	no	none	none	Helm template.
helm-charts/bifrost/templates/postgresql-pvc.yaml	upstream-bifrost	Apache-2.0	Bifrost AI Gateway / Maxim HQ contributors	no	none	none	Helm template.
helm-charts/bifrost/templates/postgresql-service.yaml	upstream-bifrost	Apache-2.0	Bifrost AI Gateway / Maxim HQ contributors	no	none	none	Helm template.
helm-charts/bifrost/templates/qdrant-deployment.yaml	upstream-bifrost	Apache-2.0	Bifrost AI Gateway / Maxim HQ contributors	no	none	none	Helm template.
helm-charts/bifrost/templates/qdrant-pvc.yaml	upstream-bifrost	Apache-2.0	Bifrost AI Gateway / Maxim HQ contributors	no	none	none	Helm template.
helm-charts/bifrost/templates/qdrant-service.yaml	upstream-bifrost	Apache-2.0	Bifrost AI Gateway / Maxim HQ contributors	no	none	none	Helm template.
helm-charts/bifrost/templates/rbac.yaml	upstream-bifrost	Apache-2.0	Bifrost AI Gateway / Maxim HQ contributors	no	none	none	Helm template.
helm-charts/bifrost/templates/redis-deployment.yaml	upstream-bifrost	Apache-2.0	Bifrost AI Gateway / Maxim HQ contributors	no	none	none	Helm template.
helm-charts/bifrost/templates/redis-pvc.yaml	upstream-bifrost	Apache-2.0	Bifrost AI Gateway / Maxim HQ contributors	no	none	none	Helm template.
helm-charts/bifrost/templates/redis-service.yaml	upstream-bifrost	Apache-2.0	Bifrost AI Gateway / Maxim HQ contributors	no	none	none	Helm template.
helm-charts/bifrost/templates/secrets.yaml	upstream-bifrost	Apache-2.0	Bifrost AI Gateway / Maxim HQ contributors	no	none	none	Helm template.
helm-charts/bifrost/templates/service-headless.yaml	upstream-bifrost	Apache-2.0	Bifrost AI Gateway / Maxim HQ contributors	no	none	none	Helm template.
helm-charts/bifrost/templates/service.yaml	upstream-bifrost	Apache-2.0	Bifrost AI Gateway / Maxim HQ contributors	no	none	none	Helm template.
helm-charts/bifrost/templates/serviceaccount.yaml	upstream-bifrost	Apache-2.0	Bifrost AI Gateway / Maxim HQ contributors	no	none	none	Helm template.
helm-charts/bifrost/templates/stateful.yaml	upstream-bifrost	Apache-2.0	Bifrost AI Gateway / Maxim HQ contributors	no	none	none	Helm template.
helm-charts/bifrost/templates/weaviate-deployment.yaml	upstream-bifrost	Apache-2.0	Bifrost AI Gateway / Maxim HQ contributors	no	none	none	Helm template.
helm-charts/bifrost/templates/weaviate-pvc.yaml	upstream-bifrost	Apache-2.0	Bifrost AI Gateway / Maxim HQ contributors	no	none	none	Helm template.
helm-charts/bifrost/templates/weaviate-service.yaml	upstream-bifrost	Apache-2.0	Bifrost AI Gateway / Maxim HQ contributors	no	none	none	Helm template.
helm-charts/bifrost/values-examples/external-postgres.yaml	upstream-bifrost	Apache-2.0	Bifrost AI Gateway / Maxim HQ contributors	no	none	none	Helm values example.
helm-charts/bifrost/values-examples/mixed-backend.yaml	upstream-bifrost	Apache-2.0	Bifrost AI Gateway / Maxim HQ contributors	no	none	none	Helm values example.
helm-charts/bifrost/values-examples/postgres-only.yaml	upstream-bifrost	Apache-2.0	Bifrost AI Gateway / Maxim HQ contributors	no	none	none	Helm values example.
helm-charts/bifrost/values-examples/postgres-qdrant.yaml	upstream-bifrost	Apache-2.0	Bifrost AI Gateway / Maxim HQ contributors	no	none	none	Helm values example.
helm-charts/bifrost/values-examples/postgres-redis.yaml	upstream-bifrost	Apache-2.0	Bifrost AI Gateway / Maxim HQ contributors	no	none	none	Helm values example.
helm-charts/bifrost/values-examples/postgres-weaviate.yaml	upstream-bifrost	Apache-2.0	Bifrost AI Gateway / Maxim HQ contributors	no	none	none	Helm values example.
helm-charts/bifrost/values-examples/production-ha.yaml	upstream-bifrost	Apache-2.0	Bifrost AI Gateway / Maxim HQ contributors	no	none	none	Helm values example.
helm-charts/bifrost/values-examples/providers-and-virtual-keys.yaml	upstream-bifrost	Apache-2.0	Bifrost AI Gateway / Maxim HQ contributors	no	none	none	Helm values example.
helm-charts/bifrost/templates/prometheusrule.yaml	local-fork	Apache-2.0	Bifrost AI Gateway / Maxim HQ contributors; FrankenGate fork modifications	yes	NOTICE	none	Optional Prometheus Operator alert rule template.
helm-charts/bifrost/templates/servicemonitor.yaml	local-fork	Apache-2.0	Bifrost AI Gateway / Maxim HQ contributors; FrankenGate fork modifications	yes	NOTICE	none	Optional Prometheus Operator scrape template.
helm-charts/bifrost/values-examples/monitoring-prometheus.yaml	local-fork	Apache-2.0	Bifrost AI Gateway / Maxim HQ contributors; FrankenGate fork modifications	yes	NOTICE	none	Prometheus monitoring values example.
helm-charts/bifrost/values-examples/secrets-from-k8s.yaml	upstream-bifrost	Apache-2.0	Bifrost AI Gateway / Maxim HQ contributors	no	none	none	Helm values example.
helm-charts/bifrost/values-examples/semantic-cache-secret-example.yaml	upstream-bifrost	Apache-2.0	Bifrost AI Gateway / Maxim HQ contributors	no	none	none	Helm values example.
helm-charts/bifrost/values-examples/sqlite-only.yaml	upstream-bifrost	Apache-2.0	Bifrost AI Gateway / Maxim HQ contributors	no	none	none	Helm values example.
helm-charts/bifrost/values-examples/sqlite-qdrant.yaml	upstream-bifrost	Apache-2.0	Bifrost AI Gateway / Maxim HQ contributors	no	none	none	Helm values example.
helm-charts/bifrost/values-examples/sqlite-redis.yaml	upstream-bifrost	Apache-2.0	Bifrost AI Gateway / Maxim HQ contributors	no	none	none	Helm values example.
helm-charts/bifrost/values-examples/sqlite-weaviate.yaml	upstream-bifrost	Apache-2.0	Bifrost AI Gateway / Maxim HQ contributors	no	none	none	Helm values example.
helm-charts/bifrost/values.schema.json	upstream-bifrost	Apache-2.0	Bifrost AI Gateway / Maxim HQ contributors	no	none	none	Helm schema.
helm-charts/bifrost/values.yaml	upstream-bifrost	Apache-2.0	Bifrost AI Gateway / Maxim HQ contributors	no	none	none	Helm values.
helm-charts/index.yaml	upstream-bifrost	Apache-2.0	Bifrost AI Gateway / Maxim HQ contributors	no	none	none	Helm repository index.
npx/bifrost-cli/bin.js	upstream-bifrost	Apache-2.0	Bifrost AI Gateway / Maxim HQ contributors	no	none	none	NPX CLI entrypoint.
npx/bifrost-cli/package.json	upstream-bifrost	Apache-2.0	Bifrost AI Gateway / Maxim HQ contributors	no	none	none	NPX package metadata.
npx/bifrost-migration-cli/bin.js	upstream-bifrost	Apache-2.0	Bifrost AI Gateway / Maxim HQ contributors	no	none	none	NPX migration CLI entrypoint.
npx/bifrost-migration-cli/package.json	upstream-bifrost	Apache-2.0	Bifrost AI Gateway / Maxim HQ contributors	no	none	none	NPX migration package metadata.
npx/bifrost/bin.js	upstream-bifrost	Apache-2.0	Bifrost AI Gateway / Maxim HQ contributors	no	none	none	NPX binary entrypoint.
npx/bifrost/package.json	upstream-bifrost	Apache-2.0	Bifrost AI Gateway / Maxim HQ contributors	no	none	none	NPX package metadata.
terraform/examples/aws-ecs/main.tf	upstream-bifrost	Apache-2.0	Bifrost AI Gateway / Maxim HQ contributors	no	none	none	Terraform example.
terraform/examples/aws-ecs/outputs.tf	upstream-bifrost	Apache-2.0	Bifrost AI Gateway / Maxim HQ contributors	no	none	none	Terraform example.
terraform/examples/aws-ecs/variables.tf	upstream-bifrost	Apache-2.0	Bifrost AI Gateway / Maxim HQ contributors	no	none	none	Terraform example.
terraform/examples/azure-aks/main.tf	upstream-bifrost	Apache-2.0	Bifrost AI Gateway / Maxim HQ contributors	no	none	none	Terraform example.
terraform/examples/azure-aks/outputs.tf	upstream-bifrost	Apache-2.0	Bifrost AI Gateway / Maxim HQ contributors	no	none	none	Terraform example.
terraform/examples/azure-aks/variables.tf	upstream-bifrost	Apache-2.0	Bifrost AI Gateway / Maxim HQ contributors	no	none	none	Terraform example.
terraform/examples/gcp-gke/main.tf	upstream-bifrost	Apache-2.0	Bifrost AI Gateway / Maxim HQ contributors	no	none	none	Terraform example.
terraform/examples/gcp-gke/outputs.tf	upstream-bifrost	Apache-2.0	Bifrost AI Gateway / Maxim HQ contributors	no	none	none	Terraform example.
terraform/examples/gcp-gke/variables.tf	upstream-bifrost	Apache-2.0	Bifrost AI Gateway / Maxim HQ contributors	no	none	none	Terraform example.
terraform/examples/kubernetes/main.tf	upstream-bifrost	Apache-2.0	Bifrost AI Gateway / Maxim HQ contributors	no	none	none	Terraform example.
terraform/examples/kubernetes/outputs.tf	upstream-bifrost	Apache-2.0	Bifrost AI Gateway / Maxim HQ contributors	no	none	none	Terraform example.
terraform/examples/kubernetes/variables.tf	upstream-bifrost	Apache-2.0	Bifrost AI Gateway / Maxim HQ contributors	no	none	none	Terraform example.
terraform/modules/bifrost/aws/main.tf	upstream-bifrost	Apache-2.0	Bifrost AI Gateway / Maxim HQ contributors	no	none	none	Terraform module.
terraform/modules/bifrost/aws/outputs.tf	upstream-bifrost	Apache-2.0	Bifrost AI Gateway / Maxim HQ contributors	no	none	none	Terraform module.
terraform/modules/bifrost/aws/services/ecs/main.tf	upstream-bifrost	Apache-2.0	Bifrost AI Gateway / Maxim HQ contributors	no	none	none	Terraform module.
terraform/modules/bifrost/aws/services/ecs/outputs.tf	upstream-bifrost	Apache-2.0	Bifrost AI Gateway / Maxim HQ contributors	no	none	none	Terraform module.
terraform/modules/bifrost/aws/services/ecs/variables.tf	upstream-bifrost	Apache-2.0	Bifrost AI Gateway / Maxim HQ contributors	no	none	none	Terraform module.
terraform/modules/bifrost/aws/services/eks/main.tf	upstream-bifrost	Apache-2.0	Bifrost AI Gateway / Maxim HQ contributors	no	none	none	Terraform module.
terraform/modules/bifrost/aws/services/eks/outputs.tf	upstream-bifrost	Apache-2.0	Bifrost AI Gateway / Maxim HQ contributors	no	none	none	Terraform module.
terraform/modules/bifrost/aws/services/eks/variables.tf	upstream-bifrost	Apache-2.0	Bifrost AI Gateway / Maxim HQ contributors	no	none	none	Terraform module.
terraform/modules/bifrost/aws/variables.tf	upstream-bifrost	Apache-2.0	Bifrost AI Gateway / Maxim HQ contributors	no	none	none	Terraform module.
terraform/modules/bifrost/azure/main.tf	upstream-bifrost	Apache-2.0	Bifrost AI Gateway / Maxim HQ contributors	no	none	none	Terraform module.
terraform/modules/bifrost/azure/outputs.tf	upstream-bifrost	Apache-2.0	Bifrost AI Gateway / Maxim HQ contributors	no	none	none	Terraform module.
terraform/modules/bifrost/azure/services/aci/main.tf	upstream-bifrost	Apache-2.0	Bifrost AI Gateway / Maxim HQ contributors	no	none	none	Terraform module.
terraform/modules/bifrost/azure/services/aci/outputs.tf	upstream-bifrost	Apache-2.0	Bifrost AI Gateway / Maxim HQ contributors	no	none	none	Terraform module.
terraform/modules/bifrost/azure/services/aci/variables.tf	upstream-bifrost	Apache-2.0	Bifrost AI Gateway / Maxim HQ contributors	no	none	none	Terraform module.
terraform/modules/bifrost/azure/services/aks/main.tf	upstream-bifrost	Apache-2.0	Bifrost AI Gateway / Maxim HQ contributors	no	none	none	Terraform module.
terraform/modules/bifrost/azure/services/aks/outputs.tf	upstream-bifrost	Apache-2.0	Bifrost AI Gateway / Maxim HQ contributors	no	none	none	Terraform module.
terraform/modules/bifrost/azure/services/aks/variables.tf	upstream-bifrost	Apache-2.0	Bifrost AI Gateway / Maxim HQ contributors	no	none	none	Terraform module.
terraform/modules/bifrost/azure/variables.tf	upstream-bifrost	Apache-2.0	Bifrost AI Gateway / Maxim HQ contributors	no	none	none	Terraform module.
terraform/modules/bifrost/gcp/main.tf	upstream-bifrost	Apache-2.0	Bifrost AI Gateway / Maxim HQ contributors	no	none	none	Terraform module.
terraform/modules/bifrost/gcp/outputs.tf	upstream-bifrost	Apache-2.0	Bifrost AI Gateway / Maxim HQ contributors	no	none	none	Terraform module.
terraform/modules/bifrost/gcp/services/cloud-run/main.tf	upstream-bifrost	Apache-2.0	Bifrost AI Gateway / Maxim HQ contributors	no	none	none	Terraform module.
terraform/modules/bifrost/gcp/services/cloud-run/outputs.tf	upstream-bifrost	Apache-2.0	Bifrost AI Gateway / Maxim HQ contributors	no	none	none	Terraform module.
terraform/modules/bifrost/gcp/services/cloud-run/variables.tf	upstream-bifrost	Apache-2.0	Bifrost AI Gateway / Maxim HQ contributors	no	none	none	Terraform module.
terraform/modules/bifrost/gcp/services/gke/main.tf	upstream-bifrost	Apache-2.0	Bifrost AI Gateway / Maxim HQ contributors	no	none	none	Terraform module.
terraform/modules/bifrost/gcp/services/gke/outputs.tf	upstream-bifrost	Apache-2.0	Bifrost AI Gateway / Maxim HQ contributors	no	none	none	Terraform module.
terraform/modules/bifrost/gcp/services/gke/variables.tf	upstream-bifrost	Apache-2.0	Bifrost AI Gateway / Maxim HQ contributors	no	none	none	Terraform module.
terraform/modules/bifrost/gcp/variables.tf	upstream-bifrost	Apache-2.0	Bifrost AI Gateway / Maxim HQ contributors	no	none	none	Terraform module.
terraform/modules/bifrost/kubernetes/main.tf	upstream-bifrost	Apache-2.0	Bifrost AI Gateway / Maxim HQ contributors	no	none	none	Terraform module.
terraform/modules/bifrost/kubernetes/outputs.tf	upstream-bifrost	Apache-2.0	Bifrost AI Gateway / Maxim HQ contributors	no	none	none	Terraform module.
terraform/modules/bifrost/kubernetes/variables.tf	upstream-bifrost	Apache-2.0	Bifrost AI Gateway / Maxim HQ contributors	no	none	none	Terraform module.
terraform/modules/bifrost/main.tf	upstream-bifrost	Apache-2.0	Bifrost AI Gateway / Maxim HQ contributors	no	none	none	Terraform module.
terraform/modules/bifrost/outputs.tf	upstream-bifrost	Apache-2.0	Bifrost AI Gateway / Maxim HQ contributors	no	none	none	Terraform module.
terraform/modules/bifrost/tests/setup/main.tf	upstream-bifrost	Apache-2.0	Bifrost AI Gateway / Maxim HQ contributors	no	none	none	Terraform test support.
terraform/modules/bifrost/tests/setup/outputs.tf	upstream-bifrost	Apache-2.0	Bifrost AI Gateway / Maxim HQ contributors	no	none	none	Terraform test support.
terraform/modules/bifrost/tests/setup/variables.tf	upstream-bifrost	Apache-2.0	Bifrost AI Gateway / Maxim HQ contributors	no	none	none	Terraform test support.
terraform/modules/bifrost/variables.tf	upstream-bifrost	Apache-2.0	Bifrost AI Gateway / Maxim HQ contributors	no	none	none	Terraform module.
transports/Dockerfile	upstream-bifrost	Apache-2.0	Bifrost AI Gateway / Maxim HQ contributors	no	none	none	OCI image build surface.
transports/Dockerfile.local	upstream-bifrost	Apache-2.0	Bifrost AI Gateway / Maxim HQ contributors	no	none	none	Local OCI image build surface.
transports/Dockerfile.redhat	upstream-bifrost	Apache-2.0	Bifrost AI Gateway / Maxim HQ contributors	no	none	none	Red Hat OCI image build surface.
transports/Dockerfile.release	local-fork	Apache-2.0	Bifrost AI Gateway / Maxim HQ contributors; FrankenGate fork modifications	yes	NOTICE	none	Immutable-tag OCI image build surface.
.github/workflows/dependabot-alerts.yml	upstream-bifrost	Apache-2.0	Bifrost AI Gateway / Maxim HQ contributors	no	none	none	Build and repository automation surface.
.github/workflows/dependency-review.yml	upstream-bifrost	Apache-2.0	Bifrost AI Gateway / Maxim HQ contributors	no	none	none	Build and repository automation surface.
.github/workflows/docs-validation.yml	upstream-bifrost	Apache-2.0	Bifrost AI Gateway / Maxim HQ contributors	no	none	none	Build and repository automation surface.
.github/workflows/e2e-tests.yml	upstream-bifrost	Apache-2.0	Bifrost AI Gateway / Maxim HQ contributors	no	none	none	Build and repository automation surface.
.github/workflows/fork-ci.yml	local-fork	Apache-2.0	Bifrost AI Gateway / Maxim HQ contributors; FrankenGate fork modifications	yes	NOTICE	none	Fork CI automation surface.
.github/workflows/frankengate-release.yml	local-fork	Apache-2.0	Bifrost AI Gateway / Maxim HQ contributors; FrankenGate fork modifications	yes	NOTICE	none	Fork release automation surface.
.github/workflows/helm-release.yml	upstream-bifrost	Apache-2.0	Bifrost AI Gateway / Maxim HQ contributors	no	none	none	Build and repository automation surface.
.github/workflows/npx-publish.yml	upstream-bifrost	Apache-2.0	Bifrost AI Gateway / Maxim HQ contributors	no	none	none	Build and repository automation surface.
.github/workflows/openapi-bundle.yml	upstream-bifrost	Apache-2.0	Bifrost AI Gateway / Maxim HQ contributors	no	none	none	Build and repository automation surface.
.github/workflows/pr-tests.yml	upstream-bifrost	Apache-2.0	Bifrost AI Gateway / Maxim HQ contributors	no	none	none	Build and repository automation surface.
.github/workflows/provenance.yml	local-fork	Apache-2.0	Bifrost AI Gateway / Maxim HQ contributors; FrankenGate fork modifications	yes	NOTICE	none	Provenance gate automation surface.
.github/workflows/release-bifrost-migration-cli.yml	upstream-bifrost	Apache-2.0	Bifrost AI Gateway / Maxim HQ contributors	no	none	none	Build and repository automation surface.
.github/workflows/release-cli.yml	upstream-bifrost	Apache-2.0	Bifrost AI Gateway / Maxim HQ contributors	no	none	none	Build and repository automation surface.
.github/workflows/scorecards.yml	upstream-bifrost	Apache-2.0	Bifrost AI Gateway / Maxim HQ contributors	no	none	none	Build and repository automation surface.
.github/workflows/configs/default/.gitkeep	upstream-bifrost	Apache-2.0	Bifrost AI Gateway / Maxim HQ contributors	no	none	none	CI fixture/config input.
.github/workflows/configs/default/config.json	upstream-bifrost	Apache-2.0	Bifrost AI Gateway / Maxim HQ contributors	no	none	none	CI fixture/config input.
.github/workflows/configs/docker-compose.yml	upstream-bifrost	Apache-2.0	Bifrost AI Gateway / Maxim HQ contributors	no	none	none	CI fixture/config input.
.github/workflows/configs/emptystate/.gitkeep	upstream-bifrost	Apache-2.0	Bifrost AI Gateway / Maxim HQ contributors	no	none	none	CI fixture/config input.
.github/workflows/configs/noconfigstorenologstore/config.json	upstream-bifrost	Apache-2.0	Bifrost AI Gateway / Maxim HQ contributors	no	none	none	CI fixture/config input.
.github/workflows/configs/witconfigstorelogstorepostgres/config.json	upstream-bifrost	Apache-2.0	Bifrost AI Gateway / Maxim HQ contributors	no	none	none	CI fixture/config input.
.github/workflows/configs/withconfigstore/config.json	upstream-bifrost	Apache-2.0	Bifrost AI Gateway / Maxim HQ contributors	no	none	none	CI fixture/config input.
.github/workflows/configs/withconfigstorelogsstorepostgres/config.json	upstream-bifrost	Apache-2.0	Bifrost AI Gateway / Maxim HQ contributors	no	none	none	CI fixture/config input.
.github/workflows/configs/withconfigstorelogsstoresqlite/config.json	upstream-bifrost	Apache-2.0	Bifrost AI Gateway / Maxim HQ contributors	no	none	none	CI fixture/config input.
.github/workflows/configs/withdynamicplugin/config.json	upstream-bifrost	Apache-2.0	Bifrost AI Gateway / Maxim HQ contributors	no	none	none	CI fixture/config input.
.github/workflows/configs/withobservability/config.json	upstream-bifrost	Apache-2.0	Bifrost AI Gateway / Maxim HQ contributors	no	none	none	CI fixture/config input.
.github/workflows/configs/withpostgresmcpclientsinconfig/config.json	upstream-bifrost	Apache-2.0	Bifrost AI Gateway / Maxim HQ contributors	no	none	none	CI fixture/config input.
.github/workflows/configs/withsemanticcache/config.json	upstream-bifrost	Apache-2.0	Bifrost AI Gateway / Maxim HQ contributors	no	none	none	CI fixture/config input.
scripts/bifrost-migration-cli/scripts/create_organizations.sh	upstream-bifrost	Apache-2.0	Bifrost AI Gateway / Maxim HQ contributors	no	none	none	Migration CLI packaged shell input.
scripts/bifrost-migration-cli/scripts/create_teams.sh	upstream-bifrost	Apache-2.0	Bifrost AI Gateway / Maxim HQ contributors	no	none	none	Migration CLI packaged shell input.
scripts/bifrost-migration-cli/scripts/create_virtual_keys.sh	upstream-bifrost	Apache-2.0	Bifrost AI Gateway / Maxim HQ contributors	no	none	none	Migration CLI packaged shell input.
scripts/bifrost-migration-cli/scripts/delete_bifrost_entities.sh	upstream-bifrost	Apache-2.0	Bifrost AI Gateway / Maxim HQ contributors	no	none	none	Migration CLI packaged shell input.
scripts/bifrost-migration-cli/scripts/delete_entities.sh	upstream-bifrost	Apache-2.0	Bifrost AI Gateway / Maxim HQ contributors	no	none	none	Migration CLI packaged shell input.
scripts/bifrost-migration-cli/scripts/seed_models.sh	upstream-bifrost	Apache-2.0	Bifrost AI Gateway / Maxim HQ contributors	no	none	none	Migration CLI packaged shell input.
scripts/verify-provenance.sh	local-fork	Apache-2.0	Bifrost AI Gateway / Maxim HQ contributors; FrankenGate fork modifications	yes	NOTICE	none	Deterministic provenance release gate.
